[{"model": "admin.logentry", "pk": 1, "fields": {"action_time": "2025-07-02T19:34:51.867Z", "user": 1, "content_type": 7, "object_id": "1", "object_repr": "Play Station 5", "action_flag": 1, "change_message": "[{\"added\": {}}]"}}, {"model": "admin.logentry", "pk": 2, "fields": {"action_time": "2025-07-02T23:04:32.349Z", "user": 1, "content_type": 7, "object_id": "1", "object_repr": "Play Station 5", "action_flag": 2, "change_message": "[{\"changed\": {\"fields\": [\"Quantity\"]}}]"}}, {"model": "admin.logentry", "pk": 3, "fields": {"action_time": "2025-07-02T23:27:32.479Z", "user": 1, "content_type": 13, "object_id": "1", "object_repr": "Image for Play Station 5", "action_flag": 1, "change_message": "[{\"added\": {}}]"}}, {"model": "admin.logentry", "pk": 4, "fields": {"action_time": "2025-07-02T23:48:30.424Z", "user": 1, "content_type": 13, "object_id": "2", "object_repr": "Image for Play Station 5", "action_flag": 1, "change_message": "[{\"added\": {}}]"}}, {"model": "admin.logentry", "pk": 5, "fields": {"action_time": "2025-07-03T10:54:01.710Z", "user": 1, "content_type": 7, "object_id": "1", "object_repr": "Play Station 5", "action_flag": 2, "change_message": "[{\"changed\": {\"fields\": [\"Quantity\"]}}]"}}, {"model": "admin.logentry", "pk": 6, "fields": {"action_time": "2025-07-03T11:28:20.238Z", "user": 1, "content_type": 11, "object_id": "1", "object_repr": "Order #1 - sospeter chaka", "action_flag": 1, "change_message": "[{\"added\": {}}]"}}, {"model": "admin.logentry", "pk": 7, "fields": {"action_time": "2025-07-03T13:01:43.630Z", "user": 1, "content_type": 11, "object_id": "3", "object_repr": "Order #3 - sospeter chaka", "action_flag": 3, "change_message": ""}}, {"model": "admin.logentry", "pk": 8, "fields": {"action_time": "2025-07-03T13:01:43.630Z", "user": 1, "content_type": 11, "object_id": "2", "object_repr": "Order #2 - sospeter chaka", "action_flag": 3, "change_message": ""}}, {"model": "admin.logentry", "pk": 9, "fields": {"action_time": "2025-07-03T13:01:54.792Z", "user": 1, "content_type": 11, "object_id": "1", "object_repr": "Order #1 - sospeter chaka", "action_flag": 3, "change_message": ""}}, {"model": "admin.logentry", "pk": 10, "fields": {"action_time": "2025-07-03T14:09:44.826Z", "user": 1, "content_type": 11, "object_id": "9", "object_repr": "Order #9 - sospeter chaka", "action_flag": 2, "change_message": "[{\"changed\": {\"fields\": [\"Payment method\", \"Order status\"]}}]"}}, {"model": "admin.logentry", "pk": 11, "fields": {"action_time": "2025-07-03T15:12:31.632Z", "user": 1, "content_type": 11, "object_id": "11", "object_repr": "Order #11 - sospeter chaka", "action_flag": 2, "change_message": "[{\"changed\": {\"fields\": [\"Order status\"]}}]"}}, {"model": "admin.logentry", "pk": 12, "fields": {"action_time": "2025-07-03T16:32:23.983Z", "user": 1, "content_type": 11, "object_id": "17", "object_repr": "Order #17 - sospeter chaka", "action_flag": 3, "change_message": ""}}, {"model": "admin.logentry", "pk": 13, "fields": {"action_time": "2025-07-03T16:32:23.983Z", "user": 1, "content_type": 11, "object_id": "16", "object_repr": "Order #16 - sospeter chaka", "action_flag": 3, "change_message": ""}}, {"model": "admin.logentry", "pk": 14, "fields": {"action_time": "2025-07-03T16:32:23.983Z", "user": 1, "content_type": 11, "object_id": "15", "object_repr": "Order #15 - sospeter chaka", "action_flag": 3, "change_message": ""}}, {"model": "admin.logentry", "pk": 15, "fields": {"action_time": "2025-07-03T16:32:23.983Z", "user": 1, "content_type": 11, "object_id": "14", "object_repr": "Order #14 - sospeter chaka", "action_flag": 3, "change_message": ""}}, {"model": "admin.logentry", "pk": 16, "fields": {"action_time": "2025-07-03T16:32:23.983Z", "user": 1, "content_type": 11, "object_id": "13", "object_repr": "Order #13 - sospeter chaka", "action_flag": 3, "change_message": ""}}, {"model": "admin.logentry", "pk": 17, "fields": {"action_time": "2025-07-03T16:32:23.983Z", "user": 1, "content_type": 11, "object_id": "12", "object_repr": "Order #12 - sospeter chaka", "action_flag": 3, "change_message": ""}}, {"model": "admin.logentry", "pk": 18, "fields": {"action_time": "2025-07-03T16:32:23.983Z", "user": 1, "content_type": 11, "object_id": "11", "object_repr": "Order #11 - sospeter chaka", "action_flag": 3, "change_message": ""}}, {"model": "admin.logentry", "pk": 19, "fields": {"action_time": "2025-07-03T16:32:23.983Z", "user": 1, "content_type": 11, "object_id": "10", "object_repr": "Order #10 - sospeter chaka", "action_flag": 3, "change_message": ""}}, {"model": "admin.logentry", "pk": 20, "fields": {"action_time": "2025-07-03T16:32:23.983Z", "user": 1, "content_type": 11, "object_id": "9", "object_repr": "Order #9 - sospeter chaka", "action_flag": 3, "change_message": ""}}, {"model": "admin.logentry", "pk": 21, "fields": {"action_time": "2025-07-03T16:32:23.983Z", "user": 1, "content_type": 11, "object_id": "8", "object_repr": "Order #8 - sospeter chaka", "action_flag": 3, "change_message": ""}}, {"model": "admin.logentry", "pk": 22, "fields": {"action_time": "2025-07-03T16:32:23.983Z", "user": 1, "content_type": 11, "object_id": "7", "object_repr": "Order #7 - sospeter chaka", "action_flag": 3, "change_message": ""}}, {"model": "admin.logentry", "pk": 23, "fields": {"action_time": "2025-07-03T16:32:23.983Z", "user": 1, "content_type": 11, "object_id": "6", "object_repr": "Order #6 - sospeter chaka", "action_flag": 3, "change_message": ""}}, {"model": "admin.logentry", "pk": 24, "fields": {"action_time": "2025-07-03T16:32:23.983Z", "user": 1, "content_type": 11, "object_id": "5", "object_repr": "Order #5 - sospeter chaka", "action_flag": 3, "change_message": ""}}, {"model": "admin.logentry", "pk": 25, "fields": {"action_time": "2025-07-03T16:32:23.983Z", "user": 1, "content_type": 11, "object_id": "4", "object_repr": "Order #4 - sospeter chaka", "action_flag": 3, "change_message": ""}}, {"model": "admin.logentry", "pk": 26, "fields": {"action_time": "2025-07-03T17:03:20.008Z", "user": 1, "content_type": 11, "object_id": "18", "object_repr": "Order #18 - sospeter chaka", "action_flag": 2, "change_message": "[{\"changed\": {\"fields\": [\"Payment method\", \"Order status\"]}}]"}}, {"model": "admin.logentry", "pk": 27, "fields": {"action_time": "2025-07-03T17:52:43.634Z", "user": 1, "content_type": 9, "object_id": "5", "object_repr": "Cart (Guest)", "action_flag": 2, "change_message": "[]"}}, {"model": "admin.logentry", "pk": 28, "fields": {"action_time": "2025-07-03T18:47:25.645Z", "user": 1, "content_type": 7, "object_id": "2", "object_repr": "erer", "action_flag": 1, "change_message": "[{\"added\": {}}]"}}, {"model": "admin.logentry", "pk": 29, "fields": {"action_time": "2025-07-04T09:26:05.303Z", "user": 1, "content_type": 11, "object_id": "34", "object_repr": "Order #34 - steo", "action_flag": 2, "change_message": "[{\"changed\": {\"fields\": [\"Order status\"]}}]"}}, {"model": "admin.logentry", "pk": 30, "fields": {"action_time": "2025-07-04T12:51:05.557Z", "user": 1, "content_type": 9, "object_id": "5", "object_repr": "Cart (Guest)", "action_flag": 2, "change_message": "[]"}}, {"model": "admin.logentry", "pk": 31, "fields": {"action_time": "2025-07-04T17:07:32.052Z", "user": 1, "content_type": 7, "object_id": "3", "object_repr": "test", "action_flag": 1, "change_message": "[{\"added\": {}}]"}}, {"model": "auth.permission", "pk": 1, "fields": {"name": "Can add log entry", "content_type": 1, "codename": "add_logentry"}}, {"model": "auth.permission", "pk": 2, "fields": {"name": "Can change log entry", "content_type": 1, "codename": "change_logentry"}}, {"model": "auth.permission", "pk": 3, "fields": {"name": "Can delete log entry", "content_type": 1, "codename": "delete_logentry"}}, {"model": "auth.permission", "pk": 4, "fields": {"name": "Can view log entry", "content_type": 1, "codename": "view_logentry"}}, {"model": "auth.permission", "pk": 5, "fields": {"name": "Can add permission", "content_type": 2, "codename": "add_permission"}}, {"model": "auth.permission", "pk": 6, "fields": {"name": "Can change permission", "content_type": 2, "codename": "change_permission"}}, {"model": "auth.permission", "pk": 7, "fields": {"name": "Can delete permission", "content_type": 2, "codename": "delete_permission"}}, {"model": "auth.permission", "pk": 8, "fields": {"name": "Can view permission", "content_type": 2, "codename": "view_permission"}}, {"model": "auth.permission", "pk": 9, "fields": {"name": "Can add group", "content_type": 3, "codename": "add_group"}}, {"model": "auth.permission", "pk": 10, "fields": {"name": "Can change group", "content_type": 3, "codename": "change_group"}}, {"model": "auth.permission", "pk": 11, "fields": {"name": "Can delete group", "content_type": 3, "codename": "delete_group"}}, {"model": "auth.permission", "pk": 12, "fields": {"name": "Can view group", "content_type": 3, "codename": "view_group"}}, {"model": "auth.permission", "pk": 13, "fields": {"name": "Can add user", "content_type": 4, "codename": "add_user"}}, {"model": "auth.permission", "pk": 14, "fields": {"name": "Can change user", "content_type": 4, "codename": "change_user"}}, {"model": "auth.permission", "pk": 15, "fields": {"name": "Can delete user", "content_type": 4, "codename": "delete_user"}}, {"model": "auth.permission", "pk": 16, "fields": {"name": "Can view user", "content_type": 4, "codename": "view_user"}}, {"model": "auth.permission", "pk": 17, "fields": {"name": "Can add content type", "content_type": 5, "codename": "add_contenttype"}}, {"model": "auth.permission", "pk": 18, "fields": {"name": "Can change content type", "content_type": 5, "codename": "change_contenttype"}}, {"model": "auth.permission", "pk": 19, "fields": {"name": "Can delete content type", "content_type": 5, "codename": "delete_contenttype"}}, {"model": "auth.permission", "pk": 20, "fields": {"name": "Can view content type", "content_type": 5, "codename": "view_contenttype"}}, {"model": "auth.permission", "pk": 21, "fields": {"name": "Can add session", "content_type": 6, "codename": "add_session"}}, {"model": "auth.permission", "pk": 22, "fields": {"name": "Can change session", "content_type": 6, "codename": "change_session"}}, {"model": "auth.permission", "pk": 23, "fields": {"name": "Can delete session", "content_type": 6, "codename": "delete_session"}}, {"model": "auth.permission", "pk": 24, "fields": {"name": "Can view session", "content_type": 6, "codename": "view_session"}}, {"model": "auth.permission", "pk": 25, "fields": {"name": "Can add product", "content_type": 7, "codename": "add_product"}}, {"model": "auth.permission", "pk": 26, "fields": {"name": "Can change product", "content_type": 7, "codename": "change_product"}}, {"model": "auth.permission", "pk": 27, "fields": {"name": "Can delete product", "content_type": 7, "codename": "delete_product"}}, {"model": "auth.permission", "pk": 28, "fields": {"name": "Can view product", "content_type": 7, "codename": "view_product"}}, {"model": "auth.permission", "pk": 29, "fields": {"name": "Can add subscriber", "content_type": 8, "codename": "add_subscriber"}}, {"model": "auth.permission", "pk": 30, "fields": {"name": "Can change subscriber", "content_type": 8, "codename": "change_subscriber"}}, {"model": "auth.permission", "pk": 31, "fields": {"name": "Can delete subscriber", "content_type": 8, "codename": "delete_subscriber"}}, {"model": "auth.permission", "pk": 32, "fields": {"name": "Can view subscriber", "content_type": 8, "codename": "view_subscriber"}}, {"model": "auth.permission", "pk": 33, "fields": {"name": "Can add cart", "content_type": 9, "codename": "add_cart"}}, {"model": "auth.permission", "pk": 34, "fields": {"name": "Can change cart", "content_type": 9, "codename": "change_cart"}}, {"model": "auth.permission", "pk": 35, "fields": {"name": "Can delete cart", "content_type": 9, "codename": "delete_cart"}}, {"model": "auth.permission", "pk": 36, "fields": {"name": "Can view cart", "content_type": 9, "codename": "view_cart"}}, {"model": "auth.permission", "pk": 37, "fields": {"name": "Can add cart item", "content_type": 10, "codename": "add_cartitem"}}, {"model": "auth.permission", "pk": 38, "fields": {"name": "Can change cart item", "content_type": 10, "codename": "change_cartitem"}}, {"model": "auth.permission", "pk": 39, "fields": {"name": "Can delete cart item", "content_type": 10, "codename": "delete_cartitem"}}, {"model": "auth.permission", "pk": 40, "fields": {"name": "Can view cart item", "content_type": 10, "codename": "view_cartitem"}}, {"model": "auth.permission", "pk": 41, "fields": {"name": "Can add order", "content_type": 11, "codename": "add_order"}}, {"model": "auth.permission", "pk": 42, "fields": {"name": "Can change order", "content_type": 11, "codename": "change_order"}}, {"model": "auth.permission", "pk": 43, "fields": {"name": "Can delete order", "content_type": 11, "codename": "delete_order"}}, {"model": "auth.permission", "pk": 44, "fields": {"name": "Can view order", "content_type": 11, "codename": "view_order"}}, {"model": "auth.permission", "pk": 45, "fields": {"name": "Can add order item", "content_type": 12, "codename": "add_orderitem"}}, {"model": "auth.permission", "pk": 46, "fields": {"name": "Can change order item", "content_type": 12, "codename": "change_orderitem"}}, {"model": "auth.permission", "pk": 47, "fields": {"name": "Can delete order item", "content_type": 12, "codename": "delete_orderitem"}}, {"model": "auth.permission", "pk": 48, "fields": {"name": "Can view order item", "content_type": 12, "codename": "view_orderitem"}}, {"model": "auth.permission", "pk": 49, "fields": {"name": "Can add product image", "content_type": 13, "codename": "add_productimage"}}, {"model": "auth.permission", "pk": 50, "fields": {"name": "Can change product image", "content_type": 13, "codename": "change_productimage"}}, {"model": "auth.permission", "pk": 51, "fields": {"name": "Can delete product image", "content_type": 13, "codename": "delete_productimage"}}, {"model": "auth.permission", "pk": 52, "fields": {"name": "Can view product image", "content_type": 13, "codename": "view_productimage"}}, {"model": "auth.user", "pk": 1, "fields": {"password": "pbkdf2_sha256$1000000$AfoeQlgyzSRZH0k4AZN7fR$htUwaGg4N2v+vSLxJcWZij4ImtcdvnIij9ZwxqpptIQ=", "last_login": "2025-07-04T20:36:56.583Z", "is_superuser": true, "username": "steo", "first_name": "", "last_name": "", "email": "steomustadd@gmail.com", "is_staff": true, "is_active": true, "date_joined": "2025-07-02T19:32:32.994Z", "groups": [], "user_permissions": []}}, {"model": "auth.user", "pk": 2, "fields": {"password": "pbkdf2_sha256$1000000$G06awp2mbmkC0amEzy7U3c$8MPUwMprtv2HD6p+kvJEwMhMtRhQwiuaSKN7Br35Pn8=", "last_login": "2025-07-04T20:25:47.151Z", "is_superuser": false, "username": "chaka", "first_name": "", "last_name": "", "email": "chaka@gmail.com", "is_staff": false, "is_active": true, "date_joined": "2025-07-02T21:19:41.262Z", "groups": [], "user_permissions": []}}, {"model": "auth.user", "pk": 3, "fields": {"password": "pbkdf2_sha256$1000000$hpIcEmhTZ9XDhsSuwzhefu$XiVGBsYB7Rkn/OLmijriw1TxrxJ0e9XvtAdDguB+Byk=", "last_login": "2025-07-03T17:09:19.650Z", "is_superuser": false, "username": "david", "first_name": "", "last_name": "", "email": "trendxbinarytrading@gmail.com", "is_staff": false, "is_active": true, "date_joined": "2025-07-03T17:08:56.744Z", "groups": [], "user_permissions": []}}, {"model": "contenttypes.contenttype", "pk": 1, "fields": {"app_label": "admin", "model": "logentry"}}, {"model": "contenttypes.contenttype", "pk": 2, "fields": {"app_label": "auth", "model": "permission"}}, {"model": "contenttypes.contenttype", "pk": 3, "fields": {"app_label": "auth", "model": "group"}}, {"model": "contenttypes.contenttype", "pk": 4, "fields": {"app_label": "auth", "model": "user"}}, {"model": "contenttypes.contenttype", "pk": 5, "fields": {"app_label": "contenttypes", "model": "contenttype"}}, {"model": "contenttypes.contenttype", "pk": 6, "fields": {"app_label": "sessions", "model": "session"}}, {"model": "contenttypes.contenttype", "pk": 7, "fields": {"app_label": "products", "model": "product"}}, {"model": "contenttypes.contenttype", "pk": 8, "fields": {"app_label": "products", "model": "subscriber"}}, {"model": "contenttypes.contenttype", "pk": 9, "fields": {"app_label": "cart", "model": "cart"}}, {"model": "contenttypes.contenttype", "pk": 10, "fields": {"app_label": "cart", "model": "cartitem"}}, {"model": "contenttypes.contenttype", "pk": 11, "fields": {"app_label": "checkout", "model": "order"}}, {"model": "contenttypes.contenttype", "pk": 12, "fields": {"app_label": "checkout", "model": "orderitem"}}, {"model": "contenttypes.contenttype", "pk": 13, "fields": {"app_label": "products", "model": "productimage"}}, {"model": "sessions.session", "pk": "0hhphponxr9nfpzrm6o39npah0vbf7cd", "fields": {"session_data": ".eJxVjU0OgyAQhe_CuiHM1Ai67L5nIDMMVtsGGtGV8e7FxEW7e3k_39uUp3UZ_Vri7CdRvUJ1-fWYwiumI5AnpUfWIadlnlgfFX2mRd-zxPft7P4BRipjXRtLwg2jcVcLBlvECB0PHMW4BhvAOFjsCAIhYrDgWhAUcmgDRzCuQgPNi-q3vaq8fnLyoZ5WNBi1fwGZJkB1:1uXcbK:QXbJD3GoIjAU_JS0xZ5ESQmrZduWYY7X24g6IpD7p7U", "expire_date": "2025-07-18T09:20:58.892Z"}}, {"model": "sessions.session", "pk": "2fyxtnpayfwufjr0izxkjkfky8ahgvxd", "fields": {"session_data": ".eJxVjcEOwiAQRP-FsyGlsIAevfsNZFm2tmqgKe3J-O_SpAe9zpt58xYBt3UMW-UlTElchBKn3ywiPTnvID0w34ukktdlinKvyINWeSuJX9ej-ycYsY5tTZbg7IE0-EFp5Qxoz11kVJY0Oc-WjUnsITqNcQADyYHuobOMDqJvUirbXHKgdtWEfafE5wttsD2V:1uXHaG:T1_3zZTJfx46JODVIsEzXn2QTWmbfb-W0gJVKJbH9ew", "expire_date": "2025-07-17T10:54:28.738Z"}}, {"model": "sessions.session", "pk": "3m0ffs5vo6fjmdgtli5xfxoves7bzg4g", "fields": {"session_data": ".eJxVjEEOwiAQRe_C2pAiDIwu3XsGMgxTqRpISrsy3l2bdKHb_977LxVpXUpcu8xxyuqsjDr8bon4IXUD-U711jS3usxT0puid9r1tWV5Xnb376BQL9-aPcMJgS3gaKwJDizKkISMZ8sBxYtzWRBSsJRGcJAD2CMMXihAQvX-ANRIN4Y:1uXn9U:7XYxjK2LmRsG67xPwMVxHfkQ0b7yQ8zl7pWpMLDpkw8", "expire_date": "2025-07-18T20:36:56.587Z"}}, {"model": "sessions.session", "pk": "9ibfjfj2c4hrzkfnhke47vcx1hmixzxs", "fields": {"session_data": "eyJjYXJ0X3Nlc3Npb25fa2V5IjoieTlkdWphNjBTRnRleVlYcmZScWkwcmRyS1FFc2Rwa2wifQ:1uXkMN:dhQSD0HA40ZAxa48zODK69KeHnf8T1J_zRQV-qN32Iw", "expire_date": "2025-07-18T17:38:03.297Z"}}, {"model": "sessions.session", "pk": "frhjbimuq4va9nzoyeripbi4i1xa2qz7", "fields": {"session_data": "eyJjYXJ0Ijp7fSwiY2FydF9zZXNzaW9uX2tleSI6IkZNTElFaWxLTjlrYkRxQldITDRsdlc1SmJUa05FQWM5IiwiY291cG9uX2NvZGUiOiIyMDEifQ:1uXOw3:wQglQCNLDbCr02Zd3P0Ow0HZxsRuqFrl8T0f-vbHl_c", "expire_date": "2025-07-17T18:45:27.014Z"}}, {"model": "sessions.session", "pk": "liu4bj7ori8nlxlj3b58i5cg7xk7qhhm", "fields": {"session_data": ".eJxVjEEOwiAQRe_C2pAiDIwu3XsGMgxTqRpISrsy3l2bdKHb_977LxVpXUpcu8xxyuqsjDr8bon4IXUD-U711jS3usxT0puid9r1tWV5Xnb376BQL9-aPcMJgS3gaKwJDizKkISMZ8sBxYtzWRBSsJRGcJAD2CMMXihAQvX-ANRIN4Y:1uXjpj:zRp6QpL-TXwpVMQU5Z2jdw8aQR0rJUxfZDYHSlIRVvo", "expire_date": "2025-07-18T17:04:19.378Z"}}, {"model": "sessions.session", "pk": "ls1jo9g023zac39y1gvf8zuasotbgjnr", "fields": {"session_data": "eyJjYXJ0Ijp7fX0:1uXOvh:7tPDbJ1-thnlXjobBNXLlxNTI2B0LyMfZTTjEpG5Uoc", "expire_date": "2025-07-17T18:45:05.954Z"}}, {"model": "sessions.session", "pk": "mm735zs3ooz922yu6u2x2aib8x81xib0", "fields": {"session_data": ".eJxVjTsOwyAQRO9CHSFjWCAu0-cMaFnWsZMIIn8qy3cPllwk3Wg-bzYRcF2GsM48hTGJTihx-fUi0ovzEaQn5keRVPIyjVEeFXmms7yXxO_b2f0DDDgPdU2W4OqBNPheaeUMaM9NZFSWNDnPlo1J7CE6jbEHA8mBbqGxjA6ir1DCaRHdtldV1k_JgeppRbeNEvsX6aZA4Q:1uXNzN:8me7aNbbFNtyH9Wt60Im9rLgVSfqfiVMIpWWoNM5w2s", "expire_date": "2025-07-17T17:44:49.854Z"}}, {"model": "sessions.session", "pk": "t9n3wpyqm5cxrydyc53okj8ur8i2b9mc", "fields": {"session_data": ".eJxVjcEOwiAQRP-FsyGlsIAevfsNZFm2tmqgKe3J-O_SpAe9zpt58xYBt3UMW-UlTElchBKn3ywiPTnvID0w34ukktdlinKvyINWeSuJX9ej-ycYsY5tTZbg7IE0-EFp5Qxoz11kVJY0Oc-WjUnsITqNcQADyYHuobOMDqJvUirbXHKgdtWEfafE5wttsD2V:1uX3SM:LYJ8sozr29oWdpXcqOoF4IwoFCoFwu8gB4kS6GJsh80", "expire_date": "2025-07-16T19:49:22.287Z"}}, {"model": "sessions.session", "pk": "xhuyrxadjts0tutgkcdx1grb4vbki3eo", "fields": {"session_data": ".eJxVjEEOwiAQRe_C2pAiDIwu3XsGMgxTqRpISrsy3l2bdKHb_977LxVpXUpcu8xxyuqsjDr8bon4IXUD-U711jS3usxT0puid9r1tWV5Xnb376BQL9-aPcMJgS3gaKwJDizKkISMZ8sBxYtzWRBSsJRGcJAD2CMMXihAQvX-ANRIN4Y:1uXI5F:KwSFK7uVr-PR6yX808kiUxT_5aVAvabpU51qLG3tPW0", "expire_date": "2025-07-17T11:26:29.030Z"}}, {"model": "sessions.session", "pk": "ykd94mfh855x2l460ggh2jya0xukm3lm", "fields": {"session_data": ".eJxVjEEOwiAQRe_C2pAiDIwu3XsGMgxTqRpISrsy3l2bdKHb_977LxVpXUpcu8xxyuqsjDr8bon4IXUD-U711jS3usxT0puid9r1tWV5Xnb376BQL9-aPcMJgS3gaKwJDizKkISMZ8sBxYtzWRBSsJRGcJAD2CMMXihAQvX-ANRIN4Y:1uXO5m:xstEQNmtexScobH9b_QAp4whb1Pw2P3JGJS1p1dEDnM", "expire_date": "2025-07-17T17:51:26.479Z"}}, {"model": "products.product", "pk": 1, "fields": {"name": "Play Station 5", "price": "90000.00", "quantity": 8, "coupon_code": "201", "discount_percentage": "20.00", "description": "tr3t45yujjjryytrhthtyth", "color": "black", "size": "30cm", "image": "product_images/elect58-removebg-preview_SgmEaJA.png", "manufacturer": "sumsung", "rating": 5, "review_count": 5}}, {"model": "products.product", "pk": 2, "fields": {"name": "erer", "price": "6000.00", "quantity": 0, "coupon_code": "popo", "discount_percentage": "50.00", "description": "sdsdf", "color": "sdsdf", "size": "all", "image": "product_images/clo3.png", "manufacturer": "w54t4t", "rating": 5, "review_count": 5}}, {"model": "products.product", "pk": 3, "fields": {"name": "test", "price": "10000.00", "quantity": 9, "coupon_code": "200", "discount_percentage": "100.00", "description": "ddfdsf", "color": "dfg", "size": "gdgdfg", "image": "product_images/1e7e5b6028e16256e6945dd9ccbab550-removebg-preview.png", "manufacturer": "Kenwa maria", "rating": 5, "review_count": 5}}, {"model": "products.productimage", "pk": 1, "fields": {"product": 1, "image": "product_varieties/elect57-removebg-preview.png", "alt_text": "white color"}}, {"model": "products.productimage", "pk": 2, "fields": {"product": 1, "image": "product_varieties/elect56-removebg-preview.png", "alt_text": "rrrr"}}, {"model": "products.subscriber", "pk": 1, "fields": {"email": "trendxbinarytrading@gmail.com", "subscribed_at": "2025-07-04T17:43:34.537Z"}}, {"model": "cart.cart", "pk": 1, "fields": {"user": 1, "session_key": null, "is_active": false, "created_at": "2025-07-02T19:34:55.536Z"}}, {"model": "cart.cart", "pk": 2, "fields": {"user": 2, "session_key": null, "is_active": false, "created_at": "2025-07-02T23:03:32.235Z"}}, {"model": "cart.cart", "pk": 3, "fields": {"user": null, "session_key": "5ms648HLRzzAXFdyQiIeUlINcb3BEWSx", "is_active": true, "created_at": "2025-07-03T11:45:18.396Z"}}, {"model": "cart.cart", "pk": 4, "fields": {"user": 3, "session_key": null, "is_active": true, "created_at": "2025-07-03T17:09:36.237Z"}}, {"model": "cart.cart", "pk": 5, "fields": {"user": null, "session_key": "FMLIEilKN9kbDqBWHL4lvW5JbTkNEAc9", "is_active": true, "created_at": "2025-07-03T17:48:17.087Z"}}, {"model": "cart.cart", "pk": 6, "fields": {"user": null, "session_key": "y9duja60SFteyYXrfRqi0rdrKQEsdpkl", "is_active": true, "created_at": "2025-07-04T17:38:03.287Z"}}, {"model": "cart.cart", "pk": 7, "fields": {"user": 1, "session_key": null, "is_active": true, "created_at": "2025-07-04T17:40:34.962Z"}}, {"model": "cart.cart", "pk": 8, "fields": {"user": 2, "session_key": null, "is_active": true, "created_at": "2025-07-04T20:31:51.220Z"}}, {"model": "cart.cartitem", "pk": 23, "fields": {"cart": 3, "product": 1, "quantity": 1, "selected_image_url": null}}, {"model": "cart.cartitem", "pk": 31, "fields": {"cart": 4, "product": 1, "quantity": 1, "selected_image_url": "/media/product_varieties/elect57-removebg-preview.png"}}, {"model": "cart.cartitem", "pk": 33, "fields": {"cart": 5, "product": 1, "quantity": 2, "selected_image_url": null}}, {"model": "cart.cartitem", "pk": 34, "fields": {"cart": 5, "product": 2, "quantity": 1, "selected_image_url": null}}, {"model": "cart.cartitem", "pk": 47, "fields": {"cart": 7, "product": 1, "quantity": 1, "selected_image_url": null}}, {"model": "cart.cartitem", "pk": 48, "fields": {"cart": 7, "product": 2, "quantity": 1, "selected_image_url": null}}, {"model": "cart.cartitem", "pk": 49, "fields": {"cart": 7, "product": 3, "quantity": 1, "selected_image_url": null}}, {"model": "checkout.order", "pk": 18, "fields": {"user": 1, "full_name": "sospeter chaka", "email": "steomustadd@gmail.com", "phone": "0797341831", "address": "Myi Abode", "city": "nairobi", "delivery_method": "standard", "payment_method": "cod", "coupon_code": "201", "discount_amount": "0.00", "total_amount": "300.00", "estimated_delivery": "2025-07-08", "order_status": "processing", "timestamp": "2025-07-03T17:00:59Z", "created_at": "2025-07-03T17:00:59.763Z"}}, {"model": "checkout.order", "pk": 19, "fields": {"user": 3, "full_name": "Steo Mustadd", "email": "trendxbinarytrading@gmail.com", "phone": "0701905540", "address": "SAFARI APARTMENTS", "city": "Roysambu", "delivery_method": "standard", "payment_method": "mpesa", "coupon_code": null, "discount_amount": "0.00", "total_amount": "300.00", "estimated_delivery": "2025-07-08", "order_status": "pending", "timestamp": "2025-07-03T17:10:09.905Z", "created_at": "2025-07-03T17:10:09.905Z"}}, {"model": "checkout.order", "pk": 20, "fields": {"user": 3, "full_name": "Steo Mustadd", "email": "steomustadd@gmail.com", "phone": "0701905540", "address": "SAFARI APARTMENTS", "city": "Roysambu", "delivery_method": "standard", "payment_method": "mpesa", "coupon_code": null, "discount_amount": "0.00", "total_amount": "300.00", "estimated_delivery": "2025-07-08", "order_status": "pending", "timestamp": "2025-07-03T17:11:21.056Z", "created_at": "2025-07-03T17:11:21.056Z"}}, {"model": "checkout.order", "pk": 21, "fields": {"user": 1, "full_name": "sospeter chaka", "email": "steomustadd@gmail.com", "phone": "0797341831", "address": "Myi Abode", "city": "nairobi", "delivery_method": "standard", "payment_method": "mpesa", "coupon_code": "201", "discount_amount": "0.00", "total_amount": "300.00", "estimated_delivery": "2025-07-08", "order_status": "pending", "timestamp": "2025-07-03T17:14:00.376Z", "created_at": "2025-07-03T17:14:00.376Z"}}, {"model": "checkout.order", "pk": 22, "fields": {"user": 1, "full_name": "e5awrq", "email": "steomustadd@gmail.com", "phone": "0797341831", "address": "Myi Abode", "city": "nairobi", "delivery_method": "standard", "payment_method": "mpesa", "coupon_code": "201", "discount_amount": "0.00", "total_amount": "300.00", "estimated_delivery": "2025-07-08", "order_status": "pending", "timestamp": "2025-07-03T17:36:00.956Z", "created_at": "2025-07-03T17:36:00.956Z"}}, {"model": "checkout.order", "pk": 23, "fields": {"user": 2, "full_name": "steo", "email": "steomustadd@gmail.com", "phone": "+254701905540", "address": "myianode", "city": "kasarani", "delivery_method": "standard", "payment_method": "mpesa", "coupon_code": null, "discount_amount": "0.00", "total_amount": "300.00", "estimated_delivery": "2025-07-09", "order_status": "pending", "timestamp": "2025-07-04T07:17:23.293Z", "created_at": "2025-07-04T07:17:23.294Z"}}, {"model": "checkout.order", "pk": 24, "fields": {"user": 2, "full_name": "steo", "email": "chaka@gmail.com", "phone": "0701905540", "address": "myianode", "city": "kasarani", "delivery_method": "standard", "payment_method": "mpesa", "coupon_code": null, "discount_amount": "0.00", "total_amount": "300.00", "estimated_delivery": "2025-07-09", "order_status": "pending", "timestamp": "2025-07-04T07:53:18.547Z", "created_at": "2025-07-04T07:53:18.548Z"}}, {"model": "checkout.order", "pk": 25, "fields": {"user": 2, "full_name": "steo", "email": "chaka@gmail.com", "phone": "0701905540", "address": "myianode", "city": "kasarani", "delivery_method": "standard", "payment_method": "mpesa", "coupon_code": null, "discount_amount": "0.00", "total_amount": "300.00", "estimated_delivery": "2025-07-09", "order_status": "pending", "timestamp": "2025-07-04T07:55:27.916Z", "created_at": "2025-07-04T07:55:27.917Z"}}, {"model": "checkout.order", "pk": 26, "fields": {"user": 2, "full_name": "steo", "email": "chaka@gmail.com", "phone": "0701905540", "address": "myianode", "city": "kasarani", "delivery_method": "standard", "payment_method": "mpesa", "coupon_code": null, "discount_amount": "0.00", "total_amount": "300.00", "estimated_delivery": "2025-07-09", "order_status": "pending", "timestamp": "2025-07-04T07:56:30.605Z", "created_at": "2025-07-04T07:56:30.605Z"}}, {"model": "checkout.order", "pk": 27, "fields": {"user": 2, "full_name": "steo", "email": "chaka@gmail.com", "phone": "0701905540", "address": "myianode", "city": "kasarani", "delivery_method": "standard", "payment_method": "mpesa", "coupon_code": null, "discount_amount": "0.00", "total_amount": "300.00", "estimated_delivery": "2025-07-09", "order_status": "pending", "timestamp": "2025-07-04T07:56:59.919Z", "created_at": "2025-07-04T07:56:59.920Z"}}, {"model": "checkout.order", "pk": 28, "fields": {"user": 2, "full_name": "steo", "email": "steomustadd@gmail.com", "phone": "0701905540", "address": "myianode", "city": "kasarani", "delivery_method": "standard", "payment_method": "card", "coupon_code": null, "discount_amount": "0.00", "total_amount": "300.00", "estimated_delivery": "2025-07-09", "order_status": "pending", "timestamp": "2025-07-04T07:58:21.762Z", "created_at": "2025-07-04T07:58:21.763Z"}}, {"model": "checkout.order", "pk": 29, "fields": {"user": 2, "full_name": "steo", "email": "chaka@gmail.com", "phone": "0701905540", "address": "myianode", "city": "kasarani", "delivery_method": "express", "payment_method": "cod", "coupon_code": null, "discount_amount": "0.00", "total_amount": "600.00", "estimated_delivery": "2025-07-06", "order_status": "pending", "timestamp": "2025-07-04T08:33:45.465Z", "created_at": "2025-07-04T08:33:45.465Z"}}, {"model": "checkout.order", "pk": 30, "fields": {"user": 2, "full_name": "steo", "email": "chaka@gmail.com", "phone": "0701905540", "address": "myianode", "city": "kasarani", "delivery_method": "standard", "payment_method": "cod", "coupon_code": null, "discount_amount": "0.00", "total_amount": "300.00", "estimated_delivery": "2025-07-09", "order_status": "pending", "timestamp": "2025-07-04T08:34:16.388Z", "created_at": "2025-07-04T08:34:16.388Z"}}, {"model": "checkout.order", "pk": 31, "fields": {"user": 2, "full_name": "steo", "email": "steomustadd@gmail.com", "phone": "0701905540", "address": "myianode", "city": "kasarani", "delivery_method": "standard", "payment_method": "cod", "coupon_code": null, "discount_amount": "0.00", "total_amount": "300.00", "estimated_delivery": "2025-07-09", "order_status": "pending", "timestamp": "2025-07-04T08:35:10.185Z", "created_at": "2025-07-04T08:35:10.185Z"}}, {"model": "checkout.order", "pk": 32, "fields": {"user": 2, "full_name": "steo", "email": "chaka@gmail.com", "phone": "0701905540", "address": "myianode", "city": "kasarani", "delivery_method": "express", "payment_method": "cod", "coupon_code": null, "discount_amount": "0.00", "total_amount": "600.00", "estimated_delivery": "2025-07-06", "order_status": "pending", "timestamp": "2025-07-04T08:51:59.564Z", "created_at": "2025-07-04T08:51:59.564Z"}}, {"model": "checkout.order", "pk": 33, "fields": {"user": 2, "full_name": "steo", "email": "steomustadd@gmail.com", "phone": "0701905540", "address": "myianode", "city": "kasarani", "delivery_method": "standard", "payment_method": "card", "coupon_code": null, "discount_amount": "0.00", "total_amount": "300.00", "estimated_delivery": "2025-07-09", "order_status": "pending", "timestamp": "2025-07-04T09:17:59.982Z", "created_at": "2025-07-04T09:17:59.982Z"}}, {"model": "checkout.order", "pk": 34, "fields": {"user": 2, "full_name": "steo", "email": "steomustadd@gmail.com", "phone": "0701905540", "address": "myianode", "city": "kasarani", "delivery_method": "express", "payment_method": "card", "coupon_code": null, "discount_amount": "0.00", "total_amount": "600.00", "estimated_delivery": "2025-07-06", "order_status": "processing", "timestamp": "2025-07-04T09:18:12Z", "created_at": "2025-07-04T09:18:12.874Z"}}, {"model": "checkout.order", "pk": 35, "fields": {"user": 1, "full_name": "steo", "email": "steomustadd@gmail.com", "phone": "0701905540", "address": "myianode", "city": "kasarani", "delivery_method": "standard", "payment_method": "cod", "coupon_code": "201", "discount_amount": "0.00", "total_amount": "300.00", "estimated_delivery": "2025-07-09", "order_status": "pending", "timestamp": "2025-07-04T11:42:41.344Z", "created_at": "2025-07-04T11:42:41.344Z"}}, {"model": "checkout.order", "pk": 36, "fields": {"user": 1, "full_name": "steo", "email": "stepheneinstain@gmail.com", "phone": "0701905540", "address": "myianode", "city": "kasarani", "delivery_method": "standard", "payment_method": "cod", "coupon_code": "201", "discount_amount": "0.00", "total_amount": "300.00", "estimated_delivery": "2025-07-09", "order_status": "pending", "timestamp": "2025-07-04T11:43:18.246Z", "created_at": "2025-07-04T11:43:18.246Z"}}, {"model": "checkout.order", "pk": 37, "fields": {"user": 1, "full_name": "steo", "email": "steomustadd@gmail.com", "phone": "0701905540", "address": "myianode", "city": "kasarani", "delivery_method": "standard", "payment_method": "cod", "coupon_code": "201", "discount_amount": "0.00", "total_amount": "300.00", "estimated_delivery": "2025-07-09", "order_status": "pending", "timestamp": "2025-07-04T13:04:51.988Z", "created_at": "2025-07-04T13:04:51.989Z"}}, {"model": "checkout.order", "pk": 38, "fields": {"user": 1, "full_name": "Steo Mustadd", "email": "steomustadd@gmail.com", "phone": "0701905540", "address": "SAFARI APARTMENTS", "city": "Roysambu", "delivery_method": "standard", "payment_method": "mpesa", "coupon_code": null, "discount_amount": "0.00", "total_amount": "300.00", "estimated_delivery": "2025-07-09", "order_status": "pending", "timestamp": "2025-07-04T14:10:39.978Z", "created_at": "2025-07-04T14:10:39.979Z"}}, {"model": "checkout.order", "pk": 39, "fields": {"user": 1, "full_name": "Steo Mustadd", "email": "steomustadd@gmail.com", "phone": "0701905540", "address": "SAFARI APARTMENTS", "city": "Roysambu", "delivery_method": "express", "payment_method": "mpesa", "coupon_code": "201", "discount_amount": "0.00", "total_amount": "600.00", "estimated_delivery": "2025-07-06", "order_status": "pending", "timestamp": "2025-07-04T14:13:10.563Z", "created_at": "2025-07-04T14:13:10.564Z"}}, {"model": "checkout.order", "pk": 40, "fields": {"user": 1, "full_name": "Steo Mustadd", "email": "steomustadd@gmail.com", "phone": "0701905540", "address": "SAFARI APARTMENTS", "city": "Roysambu", "delivery_method": "standard", "payment_method": "mpesa", "coupon_code": "201", "discount_amount": "0.00", "total_amount": "300.00", "estimated_delivery": "2025-07-09", "order_status": "pending", "timestamp": "2025-07-04T14:21:57.073Z", "created_at": "2025-07-04T14:21:57.073Z"}}, {"model": "checkout.order", "pk": 41, "fields": {"user": 1, "full_name": "Steo Mustadd", "email": "steomustadd@gmail.com", "phone": "0701905540", "address": "SAFARI APARTMENTS", "city": "Roysambu", "delivery_method": "standard", "payment_method": "mpesa", "coupon_code": "201", "discount_amount": "0.00", "total_amount": "360300.00", "estimated_delivery": "2025-07-09", "order_status": "pending", "timestamp": "2025-07-04T17:39:06.179Z", "created_at": "2025-07-04T17:39:06.179Z"}}, {"model": "checkout.order", "pk": 42, "fields": {"user": 2, "full_name": "Steo Mustadd", "email": "chaka@gmail.com", "phone": "0701905540", "address": "SAFARI APARTMENTS", "city": "Roysambu", "delivery_method": "express", "payment_method": "mpesa", "coupon_code": "", "discount_amount": "0.00", "total_amount": "90600.00", "estimated_delivery": "2025-07-06", "order_status": "pending", "timestamp": "2025-07-04T20:31:14.628Z", "created_at": "2025-07-04T20:31:14.628Z"}}, {"model": "checkout.orderitem", "pk": 1, "fields": {"order": 41, "product": 1, "quantity": 4, "total_price": "0.00", "price_at_time": "90000.00"}}, {"model": "checkout.orderitem", "pk": 2, "fields": {"order": 42, "product": 1, "quantity": 1, "total_price": "0.00", "price_at_time": "90000.00"}}]